Time,Theta1_planned,Theta1_current,Theta2_planned,Theta2_current,h3_planned,h3_current,Theta4_planned,Theta4_current,x,y
0.04,57.8844,57.8844,-30.7154,-30.7154,-120,-120,27.169,27.169,202.637,266.989
0.08,57.5654,57.5847,-29.8655,-29.9156,-120,-120,27.6998,27.6691,228.189,234.42
0.12,57.2463,57.3295,-29.0185,-29.2369,-120,-120,28.2278,28.0925,242.098,202.098
0.16,56.9272,57.0741,-28.1744,-28.5602,-120,-120,28.7528,28.5139,247.941,167.509
0.2,56.6081,56.8182,-27.3331,-27.8843,-120,-120,29.275,28.9339,245.387,132.604
0.24,56.2889,56.5634,-26.4948,-27.2139,-120,-120,29.7941,29.3495,234.671,99.654
0.28,55.9697,56.308,-25.6593,-26.5442,-120,-120,30.3104,29.7638,216.417,70.3387
0.32,55.6505,56.0524,-24.8267,-25.8763,-120,-120,30.8238,30.176,191.734,46.4288
0.36,55.3312,55.7972,-23.997,-25.2119,-120,-120,31.3342,30.5852,162.188,29.3664
0.4,55.0119,55.5415,-23.1702,-24.5487,-120,-120,31.8417,30.9928,129.468,20.0798
0.44,54.6926,55.2859,-22.3463,-23.888,-120,-120,32.3463,31.3976,95.6159,19.1319
0.48,54.3733,55.0305,-21.5253,-23.2303,-120,-120,32.848,31.8002,62.6996,26.5394
0.52,54.0539,54.7748,-20.7072,-22.5741,-120,-120,33.3467,32.2007,32.6407,41.8605
0.56,53.7344,54.4077,-19.8919,-21.6355,-120,-120,33.8425,32.7722,-1.82533,75.7099
0.6,53.415,54.0402,-19.0796,-20.6993,-120,-120,34.3354,33.341,-22.2763,119.704
0.64,53.0955,53.6728,-18.2701,-19.7667,-120,-120,34.8254,33.9062,-26.0374,168.341
0.68,52.776,53.4171,-17.4636,-19.12,-120,-120,35.3124,34.2972,-18.4095,201.747
0.72,52.4564,53.0496,-16.6599,-18.194,-120,-120,35.7966,34.8556,6.35835,244.571
0.76,52.1369,52.6821,-15.8591,-17.2713,-120,-120,36.2778,35.4108,44.6814,276.557
0.8,51.8173,52.4263,-15.0612,-16.6316,-120,-120,36.7561,35.7947,76.9768,290.219
0.84,51.4976,52.1703,-14.2662,-15.9938,-120,-120,37.2314,36.1766,111.803,295.804
0.88,51.1779,51.9147,-13.4741,-15.3592,-120,-120,37.7039,36.5555,147.05,292.937
0.92,50.8582,51.6589,-12.6848,-14.7264,-120,-120,38.1734,36.9324,180.734,281.754
0.96,50.5385,51.2831,-11.8985,-13.8007,-120,-120,38.64,37.4825,223.237,251.689
1,50.2187,50.9072,-11.115,-12.8779,-120,-120,39.1037,38.0293,252.796,208.853
1.04,49.8989,50.6511,-10.3345,-12.2517,-120,-120,39.5644,38.3995,263.547,175.071
1.08,49.5791,50.2834,-9.5568,-11.3558,-120,-120,40.0223,38.9276,264.302,124.536
1.12,49.2592,50.0277,-8.78202,-10.7353,-120,-120,40.4772,39.2924,254.63,90.8708
1.16,48.9393,49.6597,-8.01013,-9.84574,-120,-120,40.9292,39.814,227.419,49.0102
1.2,48.6194,49.4035,-7.24112,-9.22859,-120,-120,41.3782,40.1749,200.838,26.8384
1.24,48.2994,49.1477,-6.47501,-8.6149,-120,-120,41.8244,40.5328,169.871,11.9502
1.28,47.9794,48.8916,-5.71179,-8.00304,-120,-120,42.2676,40.8886,136.336,5.15886
1.32,47.6594,48.6349,-4.95146,-7.39191,-120,-120,42.7079,41.243,102.215,6.87363
1.36,47.3393,48.2592,-4.19402,-6.50116,-120,-120,43.1453,41.7581,55.7333,24.3632
1.4,47.0192,48.0033,-3.43946,-5.89661,-120,-120,43.5797,42.1067,29.1709,45.4117
1.44,46.6991,47.6271,-2.6878,-5.01167,-120,-120,44.0113,42.6155,1.51865,86.7074
1.48,46.3789,47.2505,-1.93903,-4.12917,-120,-120,44.4399,43.1214,-9.42374,135.447
1.52,46.0587,46.8906,-1.19315,-3.28905,-120,-120,44.8656,43.6016,-2.78085,183.059
1.56,45.7385,46.6341,-0.450153,-2.69264,-120,-120,45.2883,43.9414,11.8714,214.381
1.6,45.4182,46.2578,0.289951,-1.82137,-120,-120,45.7082,44.4364,46.3207,251.924
1.64,45.0979,46.0012,1.02716,-1.22949,-120,-120,46.1251,44.7717,76.6956,269.546
1.68,44.7776,45.7452,1.76149,-0.641371,-120,-120,46.5391,45.1038,110.538,279.351
1.72,44.4573,45.3689,2.49292,0.219319,-120,-120,46.9502,45.5883,162.462,278.469
1.76,44.1369,45.1125,3.22147,0.803762,-120,-120,47.3584,45.9162,196.373,267.429
1.8,43.8165,44.8639,3.94712,1.36777,-120,-120,47.7636,46.2317,225.869,249.274
1.84,43.496,44.4952,4.66989,2.20105,-120,-120,48.1659,46.6963,260.054,211.05
1.88,43.1755,44.127,5.38976,3.02988,-120,-120,48.5653,47.1569,279.208,163.643
1.92,42.855,43.7501,6.10675,3.8748,-120,-120,48.9618,47.6249,280.942,111.578
1.96,42.5345,43.3736,6.82084,4.71516,-120,-120,49.3553,48.0888,264.522,62.5756
2,42.2139,42.9968,7.53205,5.553,-120,-120,49.7459,48.5497,232.15,22.7604
2.04,41.8933,42.6201,8.24036,6.38686,-120,-120,50.1337,49.007,188.171,-2.74704
2.08,41.5726,42.3633,8.94579,6.95297,-120,-120,50.5184,49.3163,154.464,-10.2233
2.12,41.252,41.9944,9.64833,7.76297,-120,-120,50.9003,49.7573,105.46,-5.93912
2.16,40.9313,41.6258,10.348,8.56872,-120,-120,51.2792,50.1945,61.4009,15.3071
2.2,40.6105,41.2487,11.0447,9.38976,-120,-120,51.6553,50.6384,27.203,51.7214
2.24,40.2898,40.9922,11.7386,9.94559,-120,-120,52.0283,50.9378,12.6251,82.5525
2.28,39.969,40.6232,12.4296,10.7421,-120,-120,52.3985,51.3654,6.07033,131.22
2.32,39.6481,40.246,13.1177,11.553,-120,-120,52.7658,51.7989,17.6705,180.378
2.36,39.3272,39.9894,13.8029,12.102,-120,-120,53.1301,52.0914,35.5086,210.124
2.4,39.0063,39.7327,14.4852,12.649,-120,-120,53.4915,52.3817,60.2785,234.74
2.44,38.6854,39.4756,15.1646,13.1945,-120,-120,53.85,52.6701,90.5558,252.689
2.48,38.3644,39.1067,15.8411,13.9737,-120,-120,54.2056,53.0804,139.868,264.537
2.52,38.0435,38.8497,16.5148,14.5142,-120,-120,54.5582,53.3639,175.448,262.348
2.56,37.7224,38.5929,17.1855,15.0521,-120,-120,54.9079,53.6449,209.577,251.623
2.6,37.4014,38.3359,17.8534,15.5879,-120,-120,55.2547,53.9237,240.242,232.958
2.64,37.0803,37.9666,18.5183,16.3542,-120,-120,55.5986,54.3208,274.57,194.545
2.68,36.7591,37.5974,19.1804,17.1171,-120,-120,55.9395,54.7146,293.753,146.774
2.72,36.438,37.3403,19.8396,17.6461,-120,-120,56.2776,54.9864,296.851,111.06
2.76,36.1168,37.0834,20.4959,18.1721,-120,-120,56.6127,55.2555,291.283,75.8198
2.8,35.7956,36.8264,21.1493,18.6961,-120,-120,56.9449,55.5225,277.417,43.1014
2.84,35.4743,36.4566,21.7998,19.4466,-120,-120,57.2741,55.9032,244.767,4.36948
2.88,35.153,36.1998,22.4475,19.9655,-120,-120,57.6005,56.1653,215.255,-14.4929
2.92,34.8317,35.8303,23.0922,20.7086,-120,-120,57.9239,56.5389,167.097,-27.5641
2.96,34.5104,35.573,23.7341,21.2237,-120,-120,58.2444,56.7967,132.504,-26.1408
3,34.189,35.3159,24.373,21.736,-120,-120,58.562,57.0519,99.5309,-16.1676
3.04,33.8676,35.0587,25.0091,22.2462,-120,-120,58.8766,57.3049,70.1848,1.71435
3.08,33.5461,34.6889,25.6423,22.9763,-120,-120,59.1884,57.6652,37.9931,38.8997
3.12,33.2246,34.4318,26.2726,23.4816,-120,-120,59.4972,57.9134,24.5287,70.454
3.16,32.9031,34.1744,26.9,23.9851,-120,-120,59.8031,58.1595,19.4191,104.495
3.2,32.5816,33.9172,27.5245,24.4857,-120,-120,60.106,58.403,23.0268,138.818
3.24,32.26,33.6599,28.1461,24.9843,-120,-120,60.4061,58.6442,35.1645,171.318
3.28,31.9384,33.2901,28.7648,25.6975,-120,-120,60.7032,58.9876,66.0115,210.747
3.32,31.6167,33.0327,29.3807,26.1916,-120,-120,60.9974,59.2242,95.0194,230.705
3.36,31.2951,32.7752,29.9936,26.6834,-120,-120,61.2887,59.4586,128.253,243
3.4,30.9734,32.5178,30.6037,27.1726,-120,-120,61.5771,59.6904,163.665,246.823
3.44,30.6516,32.26,31.2109,27.6603,-120,-120,61.8625,59.9203,199.194,241.88
3.48,30.3299,32.0031,31.8151,28.1441,-120,-120,62.145,60.1471,232.5,228.47
3.52,30.0081,31.7455,32.4165,28.6267,-120,-120,62.4246,60.3721,261.748,207.304
3.56,29.6862,31.3753,33.015,29.3167,-120,-120,62.7013,60.692,293.019,165.972
3.6,29.3644,31.0052,33.6107,30.0033,-120,-120,62.975,61.0085,308.234,116.449
3.64,29.0425,30.7476,34.2034,30.4788,-120,-120,63.2458,61.2264,308.27,80.3909
3.68,28.7205,30.49,34.7932,30.952,-120,-120,63.5137,61.4419,299.602,45.5174
3.72,28.3986,30.2321,35.3802,31.4233,-120,-120,63.7787,61.6554,282.765,13.9062
3.76,28.0766,29.9745,35.9642,31.8917,-120,-120,64.0408,61.8662,258.867,-12.4533
3.8,27.7545,29.604,36.5454,32.5621,-120,-120,64.2999,62.1661,215.177,-38.1379
3.84,27.4325,29.2259,37.1237,33.2427,-120,-120,64.5561,62.4686,164.636,-46.6823
3.88,27.1104,28.9682,37.6991,33.7043,-120,-120,64.8094,62.6725,130.173,-41.6797
3.92,26.7883,28.7104,38.2715,34.1637,-120,-120,65.0598,62.874,98.2019,-28.2294
3.96,26.4661,28.4606,38.8412,34.6064,-120,-120,65.3073,63.067,71.5123,-7.9669
4,26.1439,28.0899,39.4079,35.2602,-120,-120,65.5518,63.3501,43.0139,32.4991
4.04,25.8217,27.8323,39.9717,35.7121,-120,-120,65.7934,63.5444,32.7673,65.4502
4.08,25.4994,27.5743,40.5326,36.1623,-120,-120,66.0321,63.7366,31.1865,100.033
4.12,25.1772,27.2038,41.0907,36.8056,-120,-120,66.2678,64.0094,44.2494,148.106
4.16,24.8548,26.9458,41.6458,37.2511,-120,-120,66.5007,64.1969,63.2672,177.47
4.2,24.5325,26.5751,42.1981,37.888,-120,-120,66.7306,64.463,102.27,209.554
4.24,24.2101,26.3171,42.7475,38.3288,-120,-120,66.9576,64.6459,135.201,222.821
4.28,23.8877,26.0589,43.294,38.7676,-120,-120,67.1817,64.8265,170.638,227.59
4.32,23.5653,25.8011,43.8376,39.2034,-120,-120,67.4028,65.0045,206.301,223.506
4.36,23.2428,25.5431,44.3783,39.6371,-120,-120,67.6211,65.1802,240.073,210.775
4.4,22.9203,25.1641,44.9161,40.2709,-120,-120,67.8364,65.435,281.908,178.057
4.44,22.5977,24.906,45.451,40.7001,-120,-120,68.0488,65.6061,302.581,148.148
4.48,22.2751,24.6479,45.9831,41.127,-120,-120,68.2582,65.7749,315.397,114.108
4.52,21.9525,24.3977,46.5122,41.5385,-120,-120,68.4648,65.9362,319.579,79.1226
4.56,21.6299,24.0183,47.0385,42.1591,-120,-120,68.6684,66.1774,310.059,26.8832
4.6,21.3072,23.7605,47.5619,42.5784,-120,-120,68.8691,66.3389,293.289,-4.984
4.64,20.9845,23.3813,48.0823,43.1918,-120,-120,69.0669,66.5731,255.994,-41.9206
4.68,20.6618,23.0101,48.5999,43.7888,-120,-120,69.2617,66.7989,209.418,-62.5853
4.72,20.339,22.7517,49.1146,44.202,-120,-120,69.4537,66.9537,174.326,-66.4793
4.76,20.0162,22.3725,49.6264,44.805,-120,-120,69.6427,67.1775,124.048,-56.1512
4.8,19.6934,22.1136,50.1354,45.2143,-120,-120,69.8288,67.3279,93.6844,-38.843
4.84,19.3705,21.8556,50.6414,45.6198,-120,-120,70.0119,67.4754,68.8632,-14.5445
4.88,19.0476,21.4763,51.1445,46.2126,-120,-120,70.1922,67.6889,45.46,30.5549
4.92,18.7247,21.0968,51.6448,46.8021,-120,-120,70.3695,67.899,40.3555,81.1761
4.96,18.4017,20.7251,52.1422,47.3764,-120,-120,70.5439,68.1014,53.8583,129.388
5,18.0787,20.4668,52.6366,47.7729,-120,-120,70.7154,68.2397,73.221,158.63
5.04,17.7557,20.0869,53.1282,48.3527,-120,-120,70.8839,68.4397,113.757,190.868
5.08,17.4327,19.8284,53.6169,48.7449,-120,-120,71.0496,68.5734,147.091,203.414
5.12,17.1096,19.4571,54.1027,49.305,-120,-120,71.2123,68.7621,198.429,206.206
5.16,16.7865,19.0689,54.5856,49.8869,-120,-120,71.3721,68.9558,249.97,189.61
5.2,16.4633,18.8107,55.0656,50.2716,-120,-120,71.5289,69.0824,279.516,168.48
5.24,16.1401,18.4305,55.5428,50.8346,-120,-120,71.6829,69.2651,311.715,125.734
5.28,15.8169,18.1721,56.017,51.215,-120,-120,71.8339,69.3871,323.962,91.3061
5.32,15.4936,17.9135,56.4884,51.5932,-120,-120,71.982,69.5067,327.457,54.9275
5.36,15.1704,17.5257,56.9568,52.1569,-120,-120,72.1272,69.6826,315.979,1.66007
5.4,14.847,17.2669,57.4224,52.5308,-120,-120,72.2694,69.7977,297.884,-29.8314
5.44,14.5237,17.0082,57.8851,52.9021,-120,-120,72.4088,69.9103,272.72,-55.767
5.48,14.2003,16.7572,58.3449,53.2602,-120,-120,72.5452,70.0174,243.057,-74.1243
5.52,13.8769,16.4987,58.8018,53.6265,-120,-120,72.6787,70.1252,209.024,-84.8982
5.56,13.5535,16.248,59.2558,53.9796,-120,-120,72.8093,70.2276,174.64,-86.8823
5.6,13.23,15.9887,59.7069,54.3424,-120,-120,72.9369,70.3311,139.883,-80.0815
5.64,12.9065,15.7303,60.1552,54.7015,-120,-120,73.0616,70.4319,108.259,-64.8347
5.68,12.5829,15.4715,60.6005,55.0589,-120,-120,73.1835,70.5305,81.6031,-42.0976
5.72,12.2594,15.2127,61.043,55.4141,-120,-120,73.3023,70.6268,61.684,-13.3767
5.76,11.9358,14.8404,61.4825,55.9214,-120,-120,73.4183,70.7618,47.3297,34.5749
5.8,11.6121,14.5815,61.9192,56.2719,-120,-120,73.5313,70.8534,48.1955,69.5159
5.84,11.2884,14.3224,62.353,56.6203,-120,-120,73.6415,70.9428,58.0009,103.186
5.88,10.9647,14.0634,62.7839,56.9664,-120,-120,73.7486,71.0297,76.1419,133.36
5.92,10.641,13.683,63.2119,57.471,-120,-120,73.8529,71.154,115.379,167.268
5.96,10.3172,13.302,63.637,57.9729,-120,-120,73.9543,71.275,164.812,184.656
6,9.99345,12.9136,64.0593,58.4812,-120,-120,74.0527,71.3948,218.685,182.665
6.04,9.66962,12.5251,64.4786,58.986,-120,-120,74.1482,71.5111,268.482,160.867
6.08,9.34575,12.1362,64.895,59.4878,-120,-120,74.2408,71.6241,307.186,122.122
6.12,9.02186,11.7556,65.3086,59.9755,-120,-120,74.3305,71.7311,328.973,72.9354
6.16,8.69793,11.3667,65.7193,60.4704,-120,-120,74.4172,71.8371,331.7,18.0136
6.2,8.37397,10.9862,66.1271,60.951,-120,-120,74.501,71.9372,314.911,-32.9496
6.24,8.04998,10.5973,66.5319,61.4388,-120,-120,74.5819,72.0361,280.299,-75.0873
6.28,7.72596,10.3383,66.9339,61.7613,-120,-120,74.6599,72.0996,249.821,-94.6263
6.32,7.4019,9.94889,67.3331,62.2426,-120,-120,74.735,72.1915,197.698,-108.198
6.36,7.07781,9.55999,67.7293,62.7199,-120,-120,74.8071,72.2798,144.815,-101.442
6.4,6.75369,9.17126,68.1226,63.1934,-120,-120,74.8763,72.3646,98.7266,-75.5462
6.44,6.42954,8.78215,68.513,63.6638,-120,-120,74.9426,72.4459,66.0159,-34.3498
6.48,6.10535,8.39305,68.9006,64.1307,-120,-120,75.0059,72.5237,51.4556,16.0448
6.52,5.78114,8.00379,69.2853,64.5943,-120,-120,75.0664,72.5981,57.1772,68.2475
6.56,5.45689,7.61469,69.667,65.0542,-120,-120,75.1239,72.6689,82.3913,114.539
6.6,5.13261,7.23383,70.0459,65.5009,-120,-120,75.1785,72.7347,122.514,147.568
6.64,4.80829,6.97425,70.4219,65.803,-120,-120,75.2302,72.7772,155.853,160.58
6.68,4.48395,6.71471,70.795,66.1027,-120,-120,75.279,72.8174,191.612,164.786
6.72,4.15957,6.3334,71.1652,66.5396,-120,-120,75.3248,72.873,243.733,154.446
6.75999,3.83516,5.94425,71.5325,66.982,-120,-120,75.3677,72.9263,289.771,124.992
6.79999,3.51072,5.68438,71.897,67.2751,-120,-120,75.4077,72.9595,313.178,96.5828
6.83999,3.18624,5.4249,72.2585,67.5654,-120,-120,75.4448,72.9903,328.875,63.232
6.87999,2.86174,5.04364,72.6172,67.9885,-120,-120,75.4789,73.0321,336.046,9.63196
6.91999,2.5372,4.67022,72.9729,68.3995,-120,-120,75.5101,73.0697,324.059,-41.9169
6.95999,2.21263,4.29677,73.3258,68.8072,-120,-120,75.5384,73.104,294.851,-85.8098
6.99999,1.88802,4.03719,73.6758,69.0882,-120,-120,75.5638,73.1254,266.378,-108.745
7.03999,1.56339,3.66394,74.0229,69.489,-120,-120,75.5863,73.1529,217.837,-127.625
7.07999,1.23872,3.404,74.3671,69.7658,-120,-120,75.6058,73.1697,181.787,-129.837
7.11999,0.91402,3.14421,74.7084,70.04,-120,-120,75.6224,73.1842,146.582,-122.901
7.15999,0.589287,2.89258,75.0468,70.3034,-120,-120,75.6361,73.196,115.42,-107.933
7.19999,0.264523,2.51076,75.3824,70.6996,-120,-120,75.6469,73.2103,77.8648,-72.0006
7.23999,-0.0602734,2.13737,75.715,71.0837,-120,-120,75.6547,73.221,56.8146,-25.9878
7.27999,-0.385102,1.87744,76.0448,71.3487,-120,-120,75.6597,73.2261,52.9206,9.06908
7.31999,-0.709963,1.61749,76.3716,71.6114,-120,-120,75.6617,73.2289,58.229,43.9613
7.35999,-1.03486,1.35752,76.6956,71.8718,-120,-120,75.6607,73.2294,72.4029,76.3649
7.39999,-1.35978,1.09729,77.0167,72.1302,-120,-120,75.6569,73.2275,94.5551,104.143
7.43999,-1.68474,0.723712,77.3349,72.4976,-120,-120,75.6501,73.2214,137.311,132.223
7.47999,-2.00973,0.463728,77.6502,72.7511,-120,-120,75.6405,73.2148,171.995,141.703
7.51999,-2.33475,0.203756,77.9626,73.0021,-120,-120,75.6279,73.2059,208.173,142.081
7.55999,-2.6598,-0.178262,78.2721,73.3676,-120,-120,75.6123,73.1893,259.126,126.089
7.59999,-2.98489,-0.560399,78.5788,73.7298,-120,-120,75.5939,73.1694,301.143,92.4097
7.63999,-3.31001,-0.820624,78.8825,73.9741,-120,-120,75.5725,73.1534,321.553,61.5761
7.67999,-3.63516,-1.19444,79.1834,74.3216,-120,-120,75.5482,73.1272,336.209,10.4957
7.71999,-3.96034,-1.56869,79.4813,74.6662,-120,-120,75.521,73.0975,331.951,-42.5999
7.75999,-4.28556,-1.94249,79.7764,75.0071,-120,-120,75.4909,73.0646,309.345,-90.6548
7.79999,-4.61081,-2.31675,80.0686,75.345,-120,-120,75.4578,73.0282,271.356,-127.504
7.83999,-4.93609,-2.69084,80.3579,75.6794,-120,-120,75.4218,72.9885,223.108,-148.301
7.87999,-5.2614,-2.95119,80.6443,75.9097,-120,-120,75.3829,72.9585,186.862,-151.821
7.91999,-5.58674,-3.21172,80.9278,76.1379,-120,-120,75.3411,72.9262,151.095,-146.066
7.95999,-5.91212,-3.47196,81.2085,76.3636,-120,-120,75.2963,72.8916,118.209,-131.484
7.99999,-6.23753,-3.84608,81.4862,76.6846,-120,-120,75.2487,72.8385,80.1491,-97.1867
8.03999,-6.56297,-4.10645,81.7611,76.9056,-120,-120,75.1981,72.7992,62.4926,-66.2919
8.07999,-6.88844,-4.48084,82.033,77.2201,-120,-120,75.1446,72.7393,52.4091,-16.4416
8.11999,-7.21394,-4.74154,82.3021,77.4368,-120,-120,75.0882,72.6953,56.6919,18.7956
8.15999,-7.53945,-5.00177,82.5683,77.6508,-120,-120,75.0288,72.649,69.9771,51.6893
8.19999,-7.86497,-5.26218,82.8316,77.8626,-120,-120,74.9666,72.6004,91.4106,80.11
8.23999,-8.19049,-5.6366,83.0921,78.1638,-120,-120,74.9016,72.5272,133.573,109.322
8.27999,-8.516,-5.89708,83.3497,78.3711,-120,-120,74.8337,72.474,168.107,119.591
8.31999,-8.84149,-6.15762,83.6044,78.5761,-120,-120,74.7629,72.4185,204.348,120.697
8.35999,-9.16696,-6.41798,83.8563,78.7787,-120,-120,74.6893,72.3607,239.879,112.511
8.39999,-9.4924,-6.6784,84.1053,78.9791,-120,-120,74.6129,72.3007,272.393,95.5078
8.43999,-9.8178,-7.0527,84.3514,79.2639,-120,-120,74.5336,72.2112,309.597,57.8575
8.47999,-10.1431,-7.3132,84.5948,79.4599,-120,-120,74.4516,72.1467,326.469,24.7782
8.51999,-10.4684,-7.57347,84.8353,79.6534,-120,-120,74.3668,72.0799,334.591,-11.5337
8.55999,-10.7937,-7.83367,85.073,79.8447,-120,-120,74.2793,72.011,333.435,-48.7712
8.59999,-11.1188,-8.20779,85.3078,80.1165,-120,-120,74.189,71.9087,315.785,-99.1723
8.63999,-11.4439,-8.46806,85.5398,80.3033,-120,-120,74.0959,71.8353,293.492,-128.915
8.67999,-11.7689,-8.72802,85.769,80.4878,-120,-120,74.0002,71.7598,264.618,-152.056
8.71999,-12.0938,-8.98818,85.9954,80.6702,-120,-120,73.9017,71.682,230.996,-167.177
8.75999,-12.4185,-9.24822,86.219,80.8503,-120,-120,73.8005,71.6021,194.861,-173.319
8.79999,-12.7432,-9.62136,86.4398,81.1056,-120,-120,73.6966,71.4843,143.324,-165.894
8.83999,-13.0677,-9.99494,86.6578,81.3581,-120,-120,73.5901,71.3632,98.3017,-140.508
8.87999,-13.3922,-10.2544,86.873,81.5313,-120,-120,73.4809,71.2769,74.1562,-114.111
8.91999,-13.7164,-10.5143,87.0855,81.7027,-120,-120,73.369,71.1883,57.6864,-82.4606
8.95999,-14.0406,-10.7735,87.2951,81.8713,-120,-120,73.2545,71.0979,50.0199,-47.8334
8.99999,-14.3646,-11.0328,87.502,82.038,-120,-120,73.1374,71.0052,51.5945,-12.4265
9.03999,-14.6884,-11.2919,87.7061,82.2024,-120,-120,73.0177,70.9105,62.2977,21.3296
9.07999,-15.012,-11.6724,87.9074,82.4406,-120,-120,72.8954,70.7682,92.9275,63.2723
9.11999,-15.3355,-12.0447,88.106,82.6707,-120,-120,72.7705,70.626,136.229,90.4425
9.15999,-15.6588,-12.3035,88.3018,82.8285,-120,-120,72.643,70.525,171.033,99.1037
9.19999,-15.9818,-12.6831,88.4948,83.0569,-120,-120,72.513,70.3738,223.705,95.187
9.23999,-16.3047,-12.9418,88.6852,83.2104,-120,-120,72.3804,70.2686,257.372,81.3528
9.27999,-16.6274,-13.3129,88.8727,83.4277,-120,-120,72.2453,70.1147,297.492,47.6057
9.31999,-16.9499,-13.5711,89.0576,83.5767,-120,-120,72.1077,70.0056,317.171,16.5189
9.35999,-17.2721,-13.9498,89.2397,83.7923,-120,-120,71.9676,69.8425,330.806,-35.7978
9.39999,-17.5941,-14.3365,89.4191,84.0093,-120,-120,71.825,69.6727,324.42,-90.7801
9.43999,-17.9158,-14.7147,89.5957,84.2184,-120,-120,71.6799,69.5037,299.162,-138.644
9.47999,-18.2373,-14.9724,89.7697,84.3589,-120,-120,71.5323,69.3865,272.856,-164.518
9.51999,-18.5586,-15.2292,89.9409,84.4968,-120,-120,71.3823,69.2676,241.185,-182.948
9.55999,-18.8795,-15.4864,90.1094,84.6329,-120,-120,71.2299,69.1465,206.033,-192.907
9.59999,-19.2002,-15.8634,90.2753,84.8293,-120,-120,71.075,68.9659,153.034,-191.038
9.63999,-19.5207,-16.1197,90.4384,84.9608,-120,-120,70.9177,68.8411,119.293,-178.778
9.67999,-19.8408,-16.3761,90.5988,85.0903,-120,-120,70.7581,68.7143,89.9043,-158.511
9.71999,-20.1606,-16.6321,90.7566,85.2176,-120,-120,70.596,68.5855,66.7711,-131.623
9.75999,-20.4801,-16.8879,90.9117,85.3428,-120,-120,70.4316,68.4549,51.342,-99.9119
9.79999,-20.7993,-17.1354,91.0641,85.4619,-120,-120,70.2648,68.3265,44.6365,-66.5589
9.83999,-21.1182,-17.3907,91.2138,85.5828,-120,-120,70.0956,68.1921,46.6166,-31.596
9.87999,-21.4367,-17.6457,91.3609,85.7015,-120,-120,69.9241,68.0559,57.4683,1.62299
9.91999,-21.7549,-18.0119,91.5053,85.8692,-120,-120,69.7503,67.8573,87.0434,42.082
9.95999,-22.0728,-18.2664,91.647,85.9837,-120,-120,69.5742,67.7173,115.476,62.5982
9.99999,-22.3903,-18.5209,91.7861,86.0962,-120,-120,69.3958,67.5753,148.324,75.2666
10.04,-22.7074,-18.7746,91.9225,86.2063,-120,-120,69.2151,67.4317,183.379,79.2346
10.08,-23.0242,-19.1392,92.0563,86.3618,-120,-120,69.0322,67.2225,233.336,69.302
10.12,-23.3406,-19.5032,92.1875,86.5141,-120,-120,68.8469,67.0109,276.85,42.1724
10.16,-23.6566,-19.7563,92.316,86.618,-120,-120,68.6595,66.8617,300.313,14.8565
10.2,-23.9721,-20.0012,92.442,86.7167,-120,-120,68.4698,66.7155,316.044,-16.4305
10.24,-24.2873,-20.2534,92.5652,86.8163,-120,-120,68.2779,66.5629,324.063,-51.7206
10.28,-24.6021,-20.4976,92.6859,86.9109,-120,-120,68.0838,66.4133,323.435,-86.85
10.32,-24.9165,-20.7497,92.804,87.0065,-120,-120,67.8875,66.2569,314.139,-121.963
10.36,-25.2304,-21.0009,92.9194,87.0999,-120,-120,67.689,66.099,296.694,-153.671
10.4,-25.5439,-21.2517,93.0323,87.1912,-120,-120,67.4884,65.9394,272.173,-180.16
10.44,-25.8569,-21.612,93.1425,87.3195,-120,-120,67.2856,65.7075,227.623,-206.051
10.48,-26.1695,-21.8624,93.2502,87.4067,-120,-120,67.0807,65.5443,192.823,-214.119
10.52,-26.4816,-22.2294,93.3553,87.5317,-120,-120,66.8736,65.3022,141.079,-210.188
10.56,-26.7933,-22.4791,93.4578,87.6147,-120,-120,66.6644,65.1356,108.449,-197.106
10.6,-27.1045,-22.7283,93.5577,87.6957,-120,-120,66.4532,64.9674,80.2576,-176.552
10.64,-27.4152,-22.9773,93.655,87.7747,-120,-120,66.2398,64.7974,58.1574,-149.831
10.68,-27.7254,-23.2255,93.7498,87.8515,-120,-120,66.0244,64.626,43.4954,-118.72
10.72,-28.0351,-23.4735,93.842,87.9263,-120,-120,65.8069,64.4528,37.0566,-85.0923
10.76,-28.3443,-23.8373,93.9317,88.0332,-120,-120,65.5874,64.1959,43.1199,-35.5349
10.8,-28.6529,-24.0844,94.0188,88.1039,-120,-120,65.3658,64.0195,57.3781,-4.68608
10.84,-28.9611,-24.4468,94.1033,88.2048,-120,-120,65.1422,63.758,91.057,31.9433
10.88,-29.2687,-24.8088,94.1853,88.3027,-120,-120,64.9166,63.4939,135.808,54.0727
10.92,-29.5758,-25.0546,94.2648,88.3673,-120,-120,64.6891,63.3127,169.606,59.2462
10.96,-29.8823,-25.3001,94.3418,88.4298,-120,-120,64.4595,63.1298,203.774,55.9811
11,-30.1882,-25.5451,94.4162,88.4904,-120,-120,64.2279,62.9453,236.256,44.4642
11.04,-30.4936,-25.9043,94.4881,88.5764,-120,-120,63.9945,62.6721,276.916,14.1076
11.08,-30.7985,-26.1486,94.5575,88.6329,-120,-120,63.759,62.4843,297.486,-14.0231
11.12,-31.1027,-26.3922,94.6243,88.6874,-120,-120,63.5216,62.2952,310.81,-46.2892
11.16,-31.4063,-26.6354,94.6887,88.7399,-120,-120,63.2824,62.1045,316.155,-80.8759
11.2,-31.7094,-26.8785,94.7506,88.7905,-120,-120,63.0412,61.912,313.212,-115.826
11.24,-32.0118,-27.1204,94.8099,88.8389,-120,-120,62.7981,61.7185,302.209,-149.005
11.28,-32.3136,-27.4755,94.8668,88.9072,-120,-120,62.5532,61.4317,272.843,-190.944
11.32,-32.6148,-27.7168,94.9212,88.9517,-120,-120,62.3063,61.235,245.541,-212.544
11.36,-32.9154,-27.9574,94.9731,88.9942,-120,-120,62.0577,61.0368,214.116,-227.105
11.4,-33.2153,-28.1978,95.0225,89.0348,-120,-120,61.8072,60.837,180.329,-233.888
11.44,-33.5146,-28.4376,95.0694,89.0734,-120,-120,61.5548,60.6358,146.126,-232.579
11.48,-33.8132,-28.6767,95.1139,89.1099,-120,-120,61.3007,60.4332,113.454,-223.355
11.52,-34.1112,-28.9154,95.1559,89.1445,-120,-120,61.0447,60.2291,84.0784,-206.813
11.56,-34.4085,-29.1535,95.1955,89.1772,-120,-120,60.787,60.0236,59.6362,-183.979
11.6,-34.7051,-29.3912,95.2326,89.2079,-120,-120,60.5275,59.8166,41.4321,-156.195
11.64,-35.001,-29.6282,95.2673,89.2366,-120,-120,60.2663,59.6083,30.436,-125.109
11.68,-35.2962,-29.9682,95.2995,89.275,-120,-120,60.0032,59.3069,28.2342,-78.1982
11.72,-35.5907,-30.2042,95.3293,89.2998,-120,-120,59.7385,59.0957,36.1998,-46.5875
11.76,-35.8846,-30.55,95.3566,89.3334,-120,-120,59.472,58.7834,60.8439,-5.86253
11.8,-36.1776,-30.7847,95.3815,89.3543,-120,-120,59.2039,58.5696,85.0247,15.7727
11.84,-36.47,-31.0189,95.404,89.3733,-120,-120,58.934,58.3544,113.642,31.0596
11.88,-36.7616,-31.2525,95.4241,89.3903,-120,-120,58.6625,58.1378,145.093,39.1778
11.92,-37.0525,-31.5948,95.4418,89.4125,-120,-120,58.3893,57.8176,192.798,37.3046
11.96,-37.3426,-31.8273,95.457,89.4256,-120,-120,58.1144,57.5983,223.766,26.7408
12,-37.632,-32.168,95.4699,89.4422,-120,-120,57.8379,57.2742,263.076,-1.06657
12.04,-37.9206,-32.3991,95.4803,89.4515,-120,-120,57.5598,57.0524,283.573,-26.8936
12.08,-38.2084,-32.6296,95.4884,89.4589,-120,-120,57.28,56.8293,297.728,-56.7657
12.12,-38.4954,-32.8597,95.494,89.4644,-120,-120,56.9986,56.6047,304.818,-89.1342
12.16,-38.7816,-33.089,95.4972,89.4679,-120,-120,56.7156,56.3789,304.492,-122.271
12.2,-39.067,-33.4177,95.498,89.4702,-120,-120,56.4311,56.0526,291.225,-167.903
12.24,-39.3515,-33.6458,95.4963,89.4699,-120,-120,56.1449,55.8241,273.781,-196.038
12.28,-39.6351,-33.873,95.4922,89.4676,-120,-120,55.8571,55.5945,250.659,-219.529
12.32,-39.9179,-34.0997,95.4856,89.4632,-120,-120,55.5677,55.3635,223.033,-237.286
12.36,-40.1997,-34.3257,95.4764,89.4569,-120,-120,55.2767,55.1312,192.348,-248.465
12.4,-40.4806,-34.5508,95.4647,89.4486,-120,-120,54.9841,54.8978,160.197,-252.591
12.44,-40.7606,-34.7751,95.4505,89.4383,-120,-120,54.69,54.6631,128.156,-249.563
12.48,-41.0396,-35.0967,95.4338,89.4204,-120,-120,54.3942,54.3237,85.4073,-233.226
12.52,-41.3176,-35.3194,95.4145,89.406,-120,-120,54.0969,54.0867,60.0321,-214.46
12.56,-41.5946,-35.5415,95.3925,89.3895,-120,-120,53.7979,53.848,39.5968,-190.718
12.6,-41.8706,-35.7628,95.368,89.3709,-120,-120,53.4974,53.6082,25.0653,-163.266
12.64,-42.1455,-35.9833,95.3409,89.3503,-120,-120,53.1954,53.367,17.0596,-133.504
12.68,-42.4194,-36.2028,95.3111,89.3275,-120,-120,52.8917,53.1247,15.879,-102.949
12.72,-42.6922,-36.4215,95.2787,89.3026,-120,-120,52.5865,52.8811,21.4806,-73.0831
12.76,-42.9639,-36.7346,95.2436,89.2638,-120,-120,52.2797,52.5292,40.6328,-34.2257
12.8,-43.2345,-36.9516,95.2059,89.2347,-120,-120,51.9714,52.2831,60.6942,-11.8059
12.84,-43.5039,-37.269,95.1654,89.1887,-120,-120,51.6615,51.9197,97.804,11.8079
12.88,-43.7722,-37.4841,95.1222,89.1552,-120,-120,51.35,51.6712,126.483,20.4953
12.92,-44.0393,-37.6916,95.0763,89.1207,-120,-120,51.037,51.4291,155.415,22.7706
12.96,-44.3052,-37.9049,95.0276,89.0829,-120,-120,50.7224,51.1779,185.104,18.7214
13,-44.5699,-38.1171,94.9762,89.0428,-120,-120,50.4063,50.9257,213.219,8.42501
13.04,-44.8334,-38.3285,94.922,89.0006,-120,-120,50.0886,50.6721,238.544,-7.613
13.08,-45.0956,-38.5388,94.865,88.9561,-120,-120,49.7694,50.4173,259.948,-28.625
13.12,-45.3565,-38.7481,94.8052,88.9094,-120,-120,49.4487,50.1612,276.51,-53.628
13.16,-45.6162,-38.9563,94.7426,88.8604,-120,-120,49.1264,49.904,287.557,-81.4965
13.2,-45.8746,-39.2543,94.6771,88.7867,-120,-120,48.8025,49.5324,292.995,-124.18
13.24,-46.1316,-39.4607,94.6088,88.7331,-120,-120,48.4772,49.2724,289.346,-153.937
13.28,-46.3872,-39.6657,94.5375,88.6773,-120,-120,48.1503,49.0116,279.831,-182.226
13.32,-46.6416,-39.8698,94.4634,88.6192,-120,-120,47.8219,48.7494,264.905,-207.97
13.36,-46.8945,-40.1615,94.3864,88.5323,-120,-120,47.4919,48.3708,235.368,-238.498
13.4,-47.146,-40.4578,94.3065,88.4401,-120,-120,47.1605,47.9823,197.825,-259.644
13.44,-47.3961,-40.7463,94.2236,88.3464,-120,-120,46.8275,47.6001,157.033,-268.974
13.48,-47.6448,-40.9459,94.1378,88.2789,-120,-120,46.493,47.333,128.145,-268.496
13.52,-47.892,-41.231,94.049,88.1785,-120,-120,46.157,46.9475,88.4731,-258.059
13.56,-48.1377,-41.5208,93.9572,88.0723,-120,-120,45.8195,46.5515,53.0316,-236.6
13.6,-48.3819,-41.8086,93.8624,87.9628,-120,-120,45.4805,46.1542,25.5965,-206.307
13.64,-48.6246,-42.0887,93.7646,87.852,-120,-120,45.14,45.7633,8.45204,-170.673
13.68,-48.8658,-42.2822,93.6637,87.7725,-120,-120,44.798,45.4903,2.84842,-144.01
13.72,-49.1054,-42.5588,93.5598,87.6547,-120,-120,44.4545,45.0959,4.14288,-105.311
13.76,-49.3434,-42.75,93.4529,87.5703,-120,-120,44.1095,44.8203,11.3699,-79.5771
13.8,-49.5799,-42.9397,93.3428,87.4836,-120,-120,43.763,44.5438,23.3697,-55.9537
13.84,-49.8147,-43.1283,93.2297,87.3943,-120,-120,43.415,44.266,39.6117,-35.2482
13.88,-50.0479,-43.3098,93.1134,87.3053,-120,-120,43.0655,43.9955,58.7506,-18.6442
13.92,-50.2795,-43.4957,92.994,87.211,-120,-120,42.7145,43.7153,81.2408,-5.61882
13.96,-50.5093,-43.7727,92.8714,87.0658,-120,-120,42.3621,43.2931,118.411,5.32184
14,-50.7375,-44.0417,92.7457,86.92,-120,-120,42.0082,42.8782,156.211,5.53087
14.04,-50.964,-44.2237,92.6168,86.8181,-120,-120,41.6528,42.5944,181.288,-0.218811
14.08,-51.1888,-44.4833,92.4847,86.6679,-120,-120,41.2959,42.1846,214.452,-16.264
14.12,-51.4118,-44.6625,92.3494,86.5609,-120,-120,40.9376,41.8985,234.465,-32.2276
14.16,-51.6331,-44.8401,92.2109,86.4515,-120,-120,40.5778,41.6113,251.224,-51.4454
14.2,-51.8525,-45.0165,92.0691,86.3393,-120,-120,40.2166,41.3228,264.273,-73.2709
14.24,-52.0702,-45.1914,91.9241,86.2245,-120,-120,39.8539,41.0332,273.256,-96.9457
14.28,-52.2861,-45.4407,91.7757,86.0558,-120,-120,39.4897,40.6151,278.687,-132.759
14.32,-52.5001,-45.6127,91.6241,85.9358,-120,-120,39.1241,40.3231,277.196,-157.834
14.36,-52.7122,-45.7832,91.4692,85.8132,-120,-120,38.757,40.03,271.513,-182.149
14.4,-52.9225,-45.9522,91.311,85.6879,-120,-120,38.3885,39.7357,261.895,-205.022
14.44,-53.1309,-46.1198,91.1494,85.5599,-120,-120,38.0185,39.4401,248.706,-225.832
14.48,-53.3373,-46.3635,90.9844,85.368,-120,-120,37.6471,39.0044,223.799,-251.588
14.52,-53.5419,-46.5998,90.8161,85.1764,-120,-120,37.2742,38.5766,194.45,-270.164
14.56,-53.7444,-46.8392,90.6444,84.9765,-120,-120,36.8999,38.1373,161.19,-281.492
14.6,-53.945,-47.081,90.4693,84.7684,-120,-120,36.5242,37.6874,125.912,-284.635
14.64,-54.1436,-47.3158,90.2907,84.5605,-120,-120,36.1471,37.2448,92.0325,-279.545
14.68,-54.3402,-47.4738,90.1088,84.4164,-120,-120,35.7685,36.9426,70.3839,-271.737
14.72,-54.5348,-47.6302,89.9233,84.2694,-120,-120,35.3885,36.6392,50.4886,-260.753
14.76,-54.7273,-47.8529,89.7344,84.0541,-120,-120,35.0071,36.2012,25.8007,-240.119
14.8,-54.9178,-48.0731,89.542,83.8348,-120,-120,34.6242,35.7617,6.64022,-214.889
14.84,-55.1062,-48.2247,89.3461,83.6795,-120,-120,34.24,35.4547,-3.00394,-195.4
14.88,-55.2924,-48.3746,89.1467,83.5213,-120,-120,33.8543,35.1467,-9.4391,-174.945
14.92,-55.4766,-48.5876,88.9438,83.2899,-120,-120,33.4672,34.7023,-13.0054,-144.815
14.96,-55.6586,-48.7342,88.7373,83.126,-120,-120,33.0787,34.3918,-11.5848,-124.021
15,-55.8384,-48.9378,88.5272,82.8917,-120,-120,32.6888,33.9539,-4.44463,-96.0564
15.04,-56.0161,-49.0809,88.3136,82.7221,-120,-120,32.2975,33.6412,4.01624,-77.6317
15.08,-56.1915,-49.2222,88.0964,82.5497,-120,-120,31.9048,33.3275,14.9641,-60.8809
15.12,-56.3647,-49.4226,87.8755,82.2979,-120,-120,31.5108,32.8754,34.4443,-40.2814
15.16,-56.5357,-49.5605,87.651,82.1195,-120,-120,31.1153,32.5591,50.1583,-28.6709
15.2,-56.7045,-49.6962,87.4229,81.9386,-120,-120,30.7184,32.2424,67.1263,-19.5528
15.24,-56.871,-49.8304,87.1911,81.7546,-120,-120,30.3201,31.9242,85.0171,-12.985
15.28,-57.0351,-49.9627,86.9556,81.5676,-120,-120,29.9205,31.605,103.429,-9.01341
15.32,-57.197,-50.0931,86.7165,81.3777,-120,-120,29.5195,31.2846,121.993,-7.61617
15.36,-57.3565,-50.2217,86.4736,81.1848,-120,-120,29.1171,30.9631,140.365,-8.72212
15.4,-57.5137,-50.4078,86.227,80.8972,-120,-120,28.7133,30.4894,166.402,-14.659
15.44,-57.6685,-50.5326,85.9766,80.6985,-120,-120,28.3081,30.1659,183.075,-21.4317
15.48,-57.8209,-50.6555,85.7225,80.4966,-120,-120,27.9016,29.8411,198.561,-30.1847
15.52,-57.9709,-50.8333,85.4646,80.1957,-120,-120,27.4937,29.3624,218.792,-46.2186
15.56,-58.1185,-50.9523,85.2029,79.9879,-120,-120,27.0845,29.0356,230.599,-58.9604
15.6,-58.2636,-51.0694,84.9374,79.7769,-120,-120,26.6739,28.7075,240.651,-72.8742
15.64,-58.4062,-51.1846,84.6681,79.5629,-120,-120,26.2619,28.3783,248.861,-87.6874
15.68,-58.5464,-51.3543,84.395,79.2375,-120,-120,25.8486,27.8832,257.679,-111.129
15.72,-58.6841,-51.521,84.118,78.9073,-120,-120,25.4339,27.3863,262.285,-135.421
15.76,-58.8192,-51.6302,83.8371,78.6841,-120,-120,25.0179,27.0539,263.038,-151.664
15.8,-58.9519,-51.7842,83.5523,78.3587,-120,-120,24.6005,26.5745,261.013,-174.588
15.84,-59.0819,-51.8893,83.2637,78.1294,-120,-120,24.1818,26.2401,257.572,-189.96
15.88,-59.2094,-51.9923,82.9711,77.8968,-120,-120,23.7617,25.9045,252.605,-204.633
15.92,-59.3342,-52.1375,82.6746,77.558,-120,-120,23.3403,25.4205,243.033,-224.3
15.96,-59.4565,-52.2363,82.3741,77.3191,-120,-120,22.9176,25.0827,234.875,-236.824
16,-59.5761,-52.3332,82.0696,77.0769,-120,-120,22.4935,24.7437,225.685,-248.252
16.04,-59.6931,-52.4692,81.7612,76.7245,-120,-120,22.0681,24.2553,210.939,-262.681
16.08,-59.8074,-52.5617,81.4488,76.4762,-120,-120,21.6414,23.9145,199.813,-271.275
16.12,-59.919,-52.6521,81.1323,76.2247,-120,-120,21.2133,23.5726,188.186,-278.629
16.16,-60.0279,-52.7403,80.8119,75.9698,-120,-120,20.784,23.2295,176.203,-284.751
16.2,-60.1342,-52.8641,80.4875,75.5989,-120,-120,20.3532,22.7348,158.548,-291.46
16.24,-60.2378,-52.9481,80.159,75.3378,-120,-120,19.9212,22.3897,146.14,-294.708
16.28,-60.3387,-53.0299,79.8266,75.0733,-120,-120,19.4878,22.0435,133.803,-296.83
16.32,-60.437,-53.1096,79.4901,74.8057,-120,-120,19.0532,21.6962,121.644,-297.884
16.36,-60.5325,-53.1871,79.1497,74.5349,-120,-120,18.6171,21.3478,109.754,-297.939
16.4,-60.6254,-53.2626,78.8053,74.2606,-120,-120,18.1798,20.998,98.1993,-297.068
16.44,-60.7157,-53.3679,78.4568,73.8623,-120,-120,17.7411,20.4944,82.26,-294.331
16.48,-60.8032,-53.439,78.1044,73.5818,-120,-120,17.3011,20.1428,71.6923,-291.487
16.52,-60.8881,-53.5381,77.7479,73.1744,-120,-120,16.8598,19.6363,57.3766,-286.215
16.56,-60.9703,-53.6364,77.3875,72.7528,-120,-120,16.4172,19.1165,43.7943,-279.525
16.6,-61.0498,-53.701,77.023,72.463,-120,-120,15.9732,18.762,35.258,-274.354
16.64,-61.1267,-53.7636,76.6546,72.1699,-120,-120,15.5279,18.4063,27.3468,-268.791
16.68,-61.2009,-53.8523,76.2821,71.7346,-120,-120,15.0813,17.8823,16.7854,-259.996
16.72,-61.2724,-53.9106,75.9057,71.4349,-120,-120,14.6333,17.5243,10.3131,-253.668
16.76,-61.3412,-53.9913,75.5252,70.9996,-120,-120,14.1841,17.0083,2.02427,-244.235
16.8,-61.4073,-54.0453,75.1408,70.6934,-120,-120,13.7335,16.6481,-3.05856,-237.508
16.84,-61.4708,-54.0972,74.7523,70.3843,-120,-120,13.2815,16.2871,-7.56597,-230.756
16.88,-61.5316,-54.1469,74.3599,70.0719,-120,-120,12.8283,15.925,-11.5319,-224.022
16.92,-61.5898,-54.2153,73.9634,69.6182,-120,-120,12.3737,15.4029,-16.3848,-214.379
16.96,-61.6452,-54.2608,73.563,69.299,-120,-120,11.9178,15.0382,-19.2089,-207.739
17,-61.698,-54.3041,73.1585,68.9772,-120,-120,11.4605,14.6731,-21.5868,-201.26
17.04,-61.7481,-54.3645,72.7501,68.4995,-120,-120,11.002,14.1349,-24.3826,-191.973
17.08,-61.7955,-54.4035,72.3376,68.1712,-120,-120,10.5421,13.7676,-25.8501,-185.845
17.12,-61.8403,-54.4404,71.9212,67.8397,-120,-120,10.0809,13.3993,-26.9888,-179.951
17.16,-61.8824,-54.4752,71.5007,67.5048,-120,-120,9.61834,13.0296,-27.8345,-174.305
17.2,-61.9218,-54.5078,71.0763,67.1668,-120,-120,9.15448,12.6591,-28.4207,-168.925
17.24,-61.9585,-54.5383,70.6478,66.8253,-120,-120,8.68928,12.2871,-28.7813,-163.817
17.28,-61.9926,-54.5798,70.2154,66.3197,-120,-120,8.22277,11.7399,-28.9677,-156.743
17.32,-62.024,-54.606,69.7789,65.972,-120,-120,7.75492,11.3659,-28.8966,-152.216
17.36,-62.0527,-54.6293,69.3384,65.6321,-120,-120,7.28575,11.0028,-28.7035,-148.12
17.4,-62.0787,-54.6608,68.894,65.123,-120,-120,6.81525,10.4622,-28.2359,-142.475
17.44,-62.1021,-54.6892,68.4455,64.6097,-120,-120,6.34343,9.92052,-27.5967,-137.276
17.48,-62.1228,-54.7146,67.9931,64.0914,-120,-120,5.87028,9.37688,-26.8328,-132.514
17.52,-62.1408,-54.7368,67.5366,63.5688,-120,-120,5.3958,8.83203,-25.9897,-128.196
17.56,-62.1561,-54.7502,67.0761,63.2013,-120,-120,4.92,8.45115,-25.386,-125.487
17.6,-62.1688,-54.7666,66.6117,62.6583,-120,-120,4.44287,7.89167,-24.5104,-121.956
17.64,-62.1788,-54.7797,66.1432,62.1219,-120,-120,3.96441,7.34228,-23.6768,-118.924
17.68,-62.1861,-54.79,65.6707,61.557,-120,-120,3.48463,6.767,-22.8602,-116.196
17.72,-62.1907,-54.7948,65.1943,61.1777,-120,-120,3.00352,6.38285,-22.3729,-114.665
17.76,-62.1927,-54.7975,64.7138,60.7947,-120,-120,2.52109,5.99727,-21.9577,-113.415
17.8,-62.192,-54.798,64.2293,60.4087,-120,-120,2.03733,5.6107,-21.6229,-112.444
17.84,-62.1886,-54.7956,63.7409,59.837,-120,-120,1.55224,5.04145,-21.2571,-111.425
17.88,-62.1826,-54.7918,63.2484,59.4445,-120,-120,1.06583,4.65274,-21.0987,-111.007
17.92,-62.1738,-54.7833,62.7519,58.8756,-120,-120,0.578087,4.09232,-21.0061,-110.8
17.96,-62.1624,-54.7752,62.2515,58.477,-120,-120,0.0890215,3.70175,-21.0366,-110.93
18,-62.1484,-54.765,61.747,58.0749,-120,-120,-0.401371,3.30985,-21.1613,-111.335
18.04,-62.1316,-54.7473,61.2385,57.4924,-120,-120,-0.893089,2.74506,-21.4708,-112.312
18.08,-62.1122,-54.7328,60.7261,57.0833,-120,-120,-1.38613,2.35046,-21.7721,-113.271
18.12,-62.0901,-54.7162,60.2096,56.6722,-120,-120,-1.88051,1.95597,-22.1527,-114.506
18.16,-62.0653,-54.6975,59.6891,56.2572,-120,-120,-2.3762,1.55977,-22.6061,-116.024
18.2,-62.0379,-54.6661,59.1646,55.6298,-120,-120,-2.87323,0.963653,-23.3708,-118.732
18.24,-62.0077,-54.633,58.6362,55.024,-120,-120,-3.37158,0.391039,-24.154,-121.747
18.28,-61.9749,-54.5952,58.1037,54.3874,-120,-120,-3.87125,-0.20779,-24.9935,-125.336
18.32,-61.9395,-54.5551,57.5672,53.7595,-120,-120,-4.37226,-0.795662,-25.803,-129.292
18.36,-61.9013,-54.511,57.0267,53.1134,-120,-120,-4.87458,-1.39756,-26.5778,-133.788
18.4,-61.8605,-54.4635,56.4823,52.4621,-120,-120,-5.37824,-2.00147,-27.256,-138.748
18.44,-61.817,-54.413,55.9338,51.8063,-120,-120,-5.88322,-2.60667,-27.7883,-144.165
18.48,-61.7708,-54.3614,55.3813,51.1728,-120,-120,-6.38953,-3.18856,-28.1137,-149.8
18.52,-61.722,-54.3056,54.8248,50.5218,-120,-120,-6.89716,-3.78383,-28.205,-155.991
18.56,-61.6705,-54.2453,54.2643,49.8515,-120,-120,-7.40612,-4.39388,-27.9867,-162.762
18.6,-61.6163,-54.1832,53.6999,49.1904,-120,-120,-7.91641,-4.99285,-27.4053,-169.809
18.64,-61.5594,-54.1388,53.1314,48.7371,-120,-120,-8.42802,-5.40169,-26.7617,-174.881
18.68,-61.4998,-54.0718,52.5589,48.0809,-120,-120,-8.94096,-5.9909,-25.4257,-182.542
18.72,-61.4376,-54.0231,51.9824,47.6211,-120,-120,-9.45523,-6.40198,-24.173,-188.115
18.76,-61.3727,-53.9723,51.4019,47.1583,-120,-120,-9.97082,-6.81399,-22.61,-193.917
18.8001,-61.3052,-53.8944,50.8174,46.4735,-120,-120,-10.4877,-7.42087,-19.7128,-202.725
18.8401,-61.2349,-53.8393,50.2289,46.0043,-120,-120,-11.006,-7.83499,-17.2931,-208.881
18.8801,-61.162,-53.757,49.6365,45.3254,-120,-120,-11.5256,-8.4316,-13.1176,-217.905
18.9201,-61.0864,-53.6975,49.04,44.8492,-120,-120,-12.0465,-8.84828,-9.68558,-224.272
18.9601,-61.0082,-53.6072,48.4395,44.1463,-120,-120,-12.5687,-9.46084,-3.82104,-233.646
19.0001,-60.9272,-53.5136,47.835,43.4382,-120,-120,-13.0922,-10.0754,3.04767,-242.898
19.0401,-60.8436,-53.4476,47.2265,42.9519,-120,-120,-13.6171,-10.4957,8.36253,-249.109
19.0801,-60.7573,-53.3479,46.614,42.2352,-120,-120,-14.1433,-11.1127,17.0997,-257.944
19.1201,-60.6684,-53.2778,45.9975,41.7437,-120,-120,-14.6708,-11.5341,23.7194,-263.715
19.1601,-60.5767,-53.174,45.377,41.0324,-120,-120,-15.1997,-12.1416,34.1965,-271.534
19.2001,-60.4824,-53.0995,44.7525,40.534,-120,-120,-15.7299,-12.5656,42.1621,-276.564
19.2401,-60.3854,-52.987,44.1241,39.7968,-120,-120,-16.2614,-13.1902,54.844,-283.191
19.2801,-60.2858,-52.8741,43.4916,39.0728,-120,-120,-16.7942,-13.8013,68.2267,-288.58
19.3201,-60.1834,-52.7528,42.8551,38.311,-120,-120,-17.3284,-14.4418,83.1857,-292.886
19.3601,-60.0784,-52.631,42.2146,37.5605,-120,-120,-17.8639,-15.0704,98.6626,-295.603
19.4001,-59.9707,-52.5087,41.5701,36.8218,-120,-120,-18.4007,-15.6869,114.462,-296.659
19.4401,-59.8604,-52.3805,40.9216,36.0615,-120,-120,-18.9388,-16.319,131.114,-295.941
19.4801,-59.7474,-52.2521,40.2691,35.3137,-120,-120,-19.4783,-16.9384,147.665,-293.343
19.5201,-59.6316,-52.1177,39.6126,34.5446,-120,-120,-20.0191,-17.573,164.611,-288.632
19.5601,-59.5133,-51.9801,38.9521,33.7707,-120,-120,-20.5612,-18.2094,181.305,-281.757
19.6001,-59.3922,-51.8395,38.2876,32.9923,-120,-120,-21.1046,-18.8472,197.429,-272.671
19.6401,-59.2685,-51.6955,37.6191,32.2085,-120,-120,-21.6494,-19.487,212.663,-261.363
19.6801,-59.1421,-51.5955,36.9466,31.6723,-120,-120,-22.1955,-19.9232,222.362,-252.397
19.7201,-59.013,-51.4486,36.2701,30.8966,-120,-120,-22.7429,-20.552,235.096,-237.742
19.7601,-58.8812,-51.2953,35.5896,30.0991,-120,-120,-23.2917,-21.1962,246.243,-220.814
19.8001,-58.7468,-51.1389,34.9051,29.2971,-120,-120,-23.8417,-21.8418,255.141,-202.144
19.8401,-58.6097,-50.9793,34.2166,28.4897,-120,-120,-24.3931,-22.4895,261.456,-182.007
19.8801,-58.4699,-50.8166,33.5241,27.6787,-120,-120,-24.9459,-23.138,264.873,-160.81
19.9201,-58.3275,-50.6508,32.8276,26.8623,-120,-120,-25.4999,-23.7885,265.144,-138.943
19.9601,-58.1824,-50.4818,32.1271,26.0417,-120,-120,-26.0553,-24.4402,262.075,-116.928
